Irving,Rutley,Male,Music
Barri,Ollivier,Male,Movie
Uriah,Coughtrey,Bigender,Sports
Theresa,Salvadori,Female,Politics
Myranda,Arkley,Female,Music
Brit,Maes,Female,Science
Kathleen,Cattermoul,Female,Science
Boris,Lochrie,Male,Politics
Amalia,Burn,Female,Music
Kiri,Livesay,Female,Other
Dorothy,Timeby,Female,Science
Saxe,Yellowlee,Male,Sports
Paloma,Twort,Female,Music
Hester,Buye,Female,Music
Yance,Strettell,Male,Politics
Tiphany,Whall,Female,Politics
Bob,Steffans,Male,Other
Alexei,Marquiss,Male,Sports
Arlyn,Hughlin,Female,Sports
Hildy,Aukland,Female,Sports
Stevie,Cromwell,Male,Movie
Dee dee,Treneer,Female,Politics
Claudianus,Coulthard,Male,Movie
Kareem,Austen,Male,Movie
Vera,Gelletly,Female,Other
Alma,Barchrameev,Female,Other
Inglebert,Lutton,Male,Politics
Lorena,Lorrain,Female,Sports
Harlan,Forgan,Male,Politics
Abbey,Burston,Male,Science
Bill,Wabe,Female,Science
Bordie,Blackster,Male,Music
Spencer,Lidgerton,Male,Politics
Vilma,Perrat,Female,Other
Hogan,Kerner,Male,Movie
Alika,Juhruke,Female,Politics
Oates,Bedborough,Male,Other
Holly,Shute,Male,Movie
Debor,Filipowicz,Female,Movie
Jereme,Vanes,Male,Science
See,Blazewski,Male,Other
Dunc,Farren,Male,Movie
Gerti,Williment,Female,Science
Damiano,Venners,Male,Movie
Cindi,Castano,Polygender,Other
Marjorie,Marchenko,Female,Politics
Adelheid,Sauniere,Female,Other
Gilberto,Lampel,Bigender,Movie
Lorry,Bergeau,Male,Movie
Mercy,Stainsby,Female,Politics
Sollie,Escofier,Male,Other
Tris,Highway,Male,Sports
Jasmina,Chazelas,Female,Movie
Traci,Leitch,Female,Politics
Nicky,Morffew,Male,Science
Wilek,Bresner,Non-binary,Sports
Solomon,Kennicott,Male,Movie
Garold,De Cruze,Male,Music
Frasquito,Cudmore,Male,Other
Karoly,Phelp,Male,Music
Octavius,Dalgardno,Male,Sports
Cord,Tolussi,Male,Movie
Arabella,Dedden,Female,Science
Hayley,Ongin,Non-binary,Music
Barton,Storre,Male,Science
Muire,Whale,Female,Other
Hedvige,Feaver,Female,Sports
Hunfredo,Bagley,Male,Science
Munmro,Ineson,Male,Music
Rosemonde,Sked,Female,Sports
Elonore,Aherne,Female,Sports
Kelvin,Trodden,Male,Movie
Samson,McGuffie,Male,Other
Coleman,Wilkins,Male,Sports
Augie,Beverstock,Male,Sports
Jobina,Syvret,Female,Sports
Xenia,Patridge,Female,Sports
Roddie,Gostick,Male,Politics
Chevy,Bannester,Polygender,Politics
Murvyn,Pengilly,Male,Movie
Lorrie,Bamb,Female,Music
Sarge,Slator,Male,Science
Casper,Furzey,Male,Music
Kienan,Stroulger,Male,Movie
Enrichetta,Geraud,Non-binary,Sports
Wyatt,Olivie,Male,Other
Tristan,Lattimer,Male,Science
Johann,Kerridge,Male,Politics
Aarika,Andrysiak,Female,Music
Mame,Sirman,Female,Science
Micki,Solomonides,Female,Movie
Leif,Woolner,Male,Sports
Constanta,Greggs,Bigender,Sports
Garrek,Streetfield,Male,Politics
Ferdie,Lockley,Non-binary,Other
Reynold,Tarry,Male,Politics
Kalvin,Everall,Bigender,Other
Tasia,Frickey,Female,Sports
Kacy,Plewman,Female,Science
Kerstin,Kiendl,Female,Sports
Alfreda,Cadden,Female,Politics
Estel,Dawidowitsch,Female,Science
Barclay,Jozsa,Male,Sports
Vanni,Arni,Female,Movie
Erminia,Vidgeon,Female,Movie
Winna,Sprakes,Female,Science
Keir,Kleinstern,Male,Music
Maure,Duckett,Female,Science
Torie,MacEllen,Genderqueer,Science
Dorelia,Hartlebury,Female,Music
Nikolos,Mantz,Male,Politics
Timmy,Bohman,Male,Other
Mari,Iacopo,Female,Movie
Alyson,Crighten,Female,Movie
Kermy,Lutty,Male,Movie
Robin,Gandar,Male,Politics
Valaria,Buckerfield,Female,Sports
Jeffrey,Oak,Male,Politics
Langsdon,Wewell,Male,Science
Deonne,Colaton,Female,Science
Lawrence,Rowlinson,Male,Science
Lora,Golly,Female,Sports
Janella,Zupa,Female,Politics
George,Faircliffe,Bigender,Music
Lari,McGawn,Female,Other
Berky,Juschka,Male,Other
Hakeem,Deetlefs,Male,Movie
Tynan,MacQueen,Male,Movie
Douglass,Delgaty,Male,Sports
Iain,Totterdell,Male,Other
Mureil,Eager,Female,Movie
Lanita,Tatershall,Female,Sports
Hort,Kilgallon,Male,Science
Lonnie,Rosander,Male,Science
Waite,Ludwell,Male,Politics
Julieta,Iacoviello,Female,Science
Willy,Karlsen,Female,Science
Heath,Mallabar,Male,Movie
Jeremiah,Nutbeam,Polygender,Movie
Torr,Chape,Male,Politics
Dion,Collings,Female,Movie
Lauretta,Shillitoe,Female,Other
Forster,Piscopiello,Male,Movie
Bette,Delouch,Female,Movie
Hurleigh,Dreamer,Male,Music
Maximilianus,McKenzie,Male,Politics
Coop,Stonestreet,Male,Politics
Cathee,Biggans,Female,Science
Sherill,Vakhlov,Female,Other
Salim,Stealey,Male,Politics
Kareem,Rothon,Male,Science
Emily,Manuely,Female,Movie
Rafferty,Duddy,Male,Other
Rodolphe,Miklem,Male,Sports
Stephan,Karpets,Male,Other
Antin,Borman,Polygender,Politics
Ryun,Conyard,Male,Sports
Rooney,Collum,Male,Sports
L;urette,Spinney,Female,Other
Genevieve,Baulch,Female,Other
Reggie,Sutherden,Female,Other
Tucker,Barnaclough,Male,Other
Joyan,Cursey,Female,Science
Jeremy,Hubner,Male,Sports
Haleigh,Checchi,Agender,Sports
Clemente,Dunkersley,Male,Science
Vinny,Maykin,Male,Sports
Quinn,Bumpass,Bigender,Other
Kenny,Winskill,Male,Science
Sloan,Sellors,Male,Other
Avery,Sutterby,Male,Science
Lauryn,Dooher,Bigender,Politics
Osmund,Groundwator,Male,Music
Henka,Scartifield,Female,Science
King,Ebsworth,Male,Other
Dick,Raincin,Male,Science
Wernher,Imlen,Male,Movie
Judd,Georgeot,Male,Other
Ginny,FitzGilbert,Female,Science
Barbee,Marian,Female,Sports
Lisbeth,O'Flaherty,Female,Sports
Zed,Siaskowski,Male,Sports
Hilliard,Taunton.,Male,Politics
Calhoun,Blenkinship,Genderqueer,Music
Felicio,Tissier,Male,Politics
Wilfrid,Brookes,Male,Sports
Tallia,Bilt,Female,Sports
Taddeusz,Pikesley,Male,Other
Gretal,Dmitrichenko,Female,Music
Sharia,Cornforth,Female,Music
Hugues,Dibbs,Male,Movie
Grissel,Bowlands,Female,Music
Cleveland,Leverage,Male,Music
Reynolds,Currie,Male,Science
Ravi,Maeer,Male,Politics
Lulu,Farrimond,Female,Music
Irving,Minghi,Male,Music
Maritsa,Bettridge,Female,Politics
Averell,De Rye Barrett,Genderqueer,Science
Gal,Jakoubec,Male,Music
Ray,Road,Male,Movie
Der,Paraman,Male,Other
Cally,Tumini,Female,Sports
Rubina,MacCoughen,Female,Music
Barnard,Rickcord,Genderqueer,Movie
Larine,Becraft,Female,Politics
Inger,McKissack,Female,Politics
Farra,Hinstock,Female,Other
Robinette,Micklewright,Non-binary,Movie
Vina,Edgell,Female,Sports
Claus,Brawn,Male,Sports
Leo,Poulden,Male,Other
Koralle,Korlat,Female,Movie
Amber,Keeling,Female,Politics
Raynor,Allabush,Male,Other
Avictor,Wyatt,Male,Other
Arlyn,Hasted,Female,Politics
Roby,O' Hern,Female,Politics
Bren,Pesik,Female,Music
Trumann,Marfield,Male,Other
Kayley,Plastow,Agender,Sports
Baxie,Ferraro,Male,Music
Cathi,Clineck,Female,Science
Allina,Padberry,Female,Politics
Valli,Robic,Female,Sports
Olin,Holmyard,Male,Music
Pietra,Yerrington,Female,Movie
Thain,Panswick,Male,Movie
Kellen,Rodgman,Female,Politics
Simon,Titcumb,Male,Music
Eberhard,Blackbourn,Male,Other
Ezekiel,Mully,Male,Science
Marabel,Grantham,Female,Politics
Gabbi,Johanchon,Female,Sports
Sancho,Fleischmann,Male,Science
Jinny,Carter,Non-binary,Music
Alessandro,MacKnockiter,Male,Science
Nanete,Choulerton,Female,Movie
Roy,Karmel,Male,Other
Nadeen,Douglas,Female,Science
Abeu,Lillow,Male,Movie
Donnajean,Chazelas,Female,Music
Sada,Foli,Female,Music
Selena,Jouannin,Female,Politics
Neila,Pleace,Female,Music
Gaston,Scutter,Male,Music
Marylee,Gosnell,Female,Other
Jeniffer,Twinborough,Female,Movie
Elisabeth,Silk,Female,Sports
Goddart,Binnes,Male,Other
Kanya,McFarland,Female,Sports
Sheila,Dahmke,Female,Movie
Trip,Kellen,Male,Movie
Constanta,Dunsmore,Female,Movie
Nyssa,Longfoot,Bigender,Movie
Gizela,Domoni,Female,Sports
Opaline,McGuirk,Female,Other
Marchelle,Sickamore,Female,Politics
Tatiana,Durrad,Female,Music
Thia,Callar,Female,Music
Gerhardine,Alderwick,Female,Other
Misha,Pecha,Female,Music
Baillie,Cawthry,Male,Movie
Gracia,Mansour,Female,Sports
Tito,Simone,Male,Other
Elnar,Ketley,Male,Science
Neddy,Cowhig,Male,Sports
Venita,Baudasso,Female,Politics
Jocelyne,Tynemouth,Female,Movie
Austina,Brounsell,Female,Music
Holden,Insley,Male,Science
Teddie,Samuels,Male,Sports
Jon,Posselwhite,Male,Movie
Janice,Lintin,Female,Science
Julina,Muino,Polygender,Music
Lanny,Masson,Male,Music
Maggee,Tomes,Female,Sports
Teddy,Becerra,Female,Sports
Ianthe,Piaggia,Female,Other
Javier,Sorley,Male,Science
Josefina,Cruise,Bigender,Music
Morlee,Sprague,Male,Sports
Marcile,Mc Gee,Female,Music
Ahmad,De La Coste,Male,Science
Welbie,Bartlam,Male,Science
Onofredo,Mc Menamin,Male,Science
Berky,Darnell,Male,Music
Buddie,Jenman,Male,Science
Betteann,Frayling,Female,Sports
Ozzy,Strasse,Male,Music
Farra,Romera,Female,Politics
Verine,Winspurr,Female,Music
Barnabas,Derges,Male,Science
Hedda,McMorran,Female,Movie
Wood,Gascoigne,Male,Science
Rourke,Pinke,Male,Science
Carma,Goldstein,Female,Sports
Coleen,Pailin,Female,Other
Joyann,Branche,Female,Science
Ken,Colbourne,Male,Science
Dru,Hallewell,Male,Science
Dennie,Potzold,Male,Other
Felicdad,Booi,Female,Music
Benjamin,Winspare,Male,Other
Caddric,Starr,Male,Sports
Marc,Croisdall,Male,Politics
Elenore,Zold,Female,Other
Kasper,Ligerton,Male,Other
Nester,Blanking,Male,Sports
Bronson,Collinge,Male,Politics
Denyse,Baseke,Female,Music
Benoite,Mitchelhill,Female,Other
Dud,Alfuso,Male,Music
Tristam,Ricardin,Male,Politics
Ermengarde,Batcheldor,Female,Science
Nicoli,Ritmeier,Female,Other
Aggie,Twinterman,Female,Politics
Adrian,Matovic,Male,Science
Abe,Fluit,Male,Politics
Prentice,Byforth,Male,Politics
Ynes,Eacott,Female,Sports
Gage,Sketchley,Male,Other
Tailor,Abriani,Male,Music
Ernst,Drynan,Male,Sports
Sharona,Cayford,Female,Sports
Wilt,Sansbury,Male,Sports
Ashley,Fincken,Female,Movie
Samuele,Ivankov,Genderqueer,Sports
Maurice,Barnbrook,Male,Sports
Caressa,Chrystie,Female,Politics
Ema,Blindermann,Female,Music
Gail,McCusker,Male,Movie
Marj,Gerty,Female,Other
Jere,Cardenas,Male,Science
Anders,Olyet,Male,Sports
Reider,Loseke,Male,Music
Mandy,Sallan,Female,Sports
Lorin,Rodell,Male,Movie
Elane,Qualtrough,Female,Movie
Kissie,Blankett,Female,Politics
Gottfried,Batty,Male,Science
Riccardo,Rawlcliffe,Male,Science
Toddy,O'Nowlan,Bigender,Music
Ami,Raubenheim,Female,Music
Melissa,Indgs,Female,Politics
Blaire,Harvison,Female,Sports
Dorey,McLelland,Female,Politics
Bevon,Le Provest,Male,Movie
Prue,Battisson,Female,Sports
Byrom,Rhoddie,Male,Music
Lani,Bellson,Female,Science
Therine,Peach,Female,Other
Ermin,Simmell,Male,Science
Elva,Bembrigg,Female,Music
Pavla,Bidewell,Female,Other
Clemmie,Dumphy,Bigender,Sports
Skyler,MacGowing,Male,Music
Sheilakathryn,Lannin,Female,Music
Shell,Dauney,Bigender,Movie
Mischa,Cadogan,Male,Politics
Louella,Bramelt,Non-binary,Other
Luther,Widdowson,Male,Science
Domenic,Kidgell,Male,Movie
Ricki,Gimblett,Male,Movie
Nyssa,Cordeiro,Female,Science
Timotheus,Roelvink,Male,Music
Nehemiah,Bestwerthick,Polygender,Politics
Hunt,Mustchin,Male,Movie
Alejoa,Utton,Male,Politics
Eziechiele,Pymar,Agender,Sports
Erina,Whitely,Female,Politics
Christin,Fibbings,Female,Science
Louise,Phil,Female,Science
Ambrosius,Tuohy,Male,Other
Kalil,Indgs,Male,Science
Mil,Jillard,Female,Sports
Web,Lochhead,Male,Politics
Kathye,Beaufoy,Female,Sports
Yvette,Abrahm,Female,Music
Enrica,Doyley,Female,Other
Eimile,Gregoretti,Female,Music
Alfie,Glazyer,Female,Politics
Corie,Daber,Female,Politics
Shela,Landrean,Female,Politics
Karim,Scotchmer,Male,Music
Dorelle,Southam,Genderqueer,Music
Marylou,Overton,Female,Movie
Bar,Ferne,Male,Other
Katerina,Shakspeare,Female,Sports
Nita,Lissandrini,Non-binary,Other
Wendall,Colmer,Male,Other
Donetta,Podmore,Female,Politics
Dimitri,Chessman,Genderfluid,Science
Boone,Trenfield,Male,Other
Aldwin,Fanshawe,Male,Politics
Afton,Lineker,Female,Other
Aubree,Rodriguez,Female,Music
Reggie,Venditti,Female,Other
Selestina,Jurasz,Female,Science
Wittie,Davsley,Male,Movie
Codi,Matzaitis,Female,Politics
Urbanus,Phython,Male,Sports
Reggis,Abrahamovitz,Male,Movie
Lonni,Drinnan,Genderfluid,Politics
Saw,Godsell,Male,Music
Egon,Stirton,Male,Politics
Brody,Phipard-Shears,Male,Politics
Joline,Viney,Female,Science
Gav,Consadine,Male,Sports
Baily,Wanka,Male,Other
Tabina,Lambden,Female,Music
Masha,MacKegg,Female,Politics
Nicki,Nendick,Female,Sports
Fax,O'Kerin,Male,Other
Glad,Thurlbourne,Genderfluid,Music
Pauline,Hemphall,Female,Politics
Powell,Cuddon,Male,Other
Von,Kornes,Male,Science
Woody,Kemston,Male,Other
Nonnah,Conyers,Female,Movie
Hale,Caldwall,Male,Politics
Frankie,Jickles,Female,Science
Orsa,Dixsee,Genderqueer,Other
Ginevra,Curry,Female,Sports
Antony,Jillis,Male,Movie
Luciana,Pavlovsky,Female,Science
Arri,Mullard,Male,Music
Charisse,Chesshyre,Female,Politics
Raul,Anfosso,Male,Politics
Rocky,Windridge,Male,Politics
Lauree,D'Errico,Female,Music
Harald,Northidge,Male,Sports
Amos,McCaughren,Male,Movie
Foster,Chalder,Male,Music
Ely,Gabb,Male,Other
Tiphani,Barnicott,Female,Music
Lanae,Pineaux,Female,Music
Mayer,Damiata,Male,Sports
Kearney,Wiffler,Male,Science
Redford,Lantaph,Male,Movie
Daryl,Andrioni,Male,Music
Hunt,Bolle,Male,Other
Gerti,Dragge,Female,Movie
Russ,Wombwell,Male,Other
Cecilia,Clinton,Female,Sports
Leif,Polfer,Male,Politics
Trenton,Fairpool,Male,Sports
Loreen,Foldes,Female,Music
Stepha,Donn,Female,Movie
Nicoline,Sloam,Female,Sports
Carlota,Matieu,Female,Science
Greggory,Ninotti,Male,Other
Munmro,Veneur,Male,Movie
Brit,Humburton,Female,Science
Jorge,Swindell,Male,Sports
Carmine,Terbeek,Male,Movie
Linnell,Cossington,Female,Music
Avery,Agglio,Genderqueer,Science
Juanita,Doddemeade,Female,Sports
Kamila,Elfitt,Female,Movie
Pierrette,Godbald,Female,Music
Jimmie,Binfield,Male,Music
Gideon,Cuthill,Male,Sports
Vivia,Kersley,Female,Music
Meyer,Russo,Male,Politics
Garvey,Greggersen,Male,Other
Burlie,Casserly,Male,Politics
Elianore,Greswell,Female,Music
Alexander,Pietrzak,Male,Music
Howie,Brecon,Male,Science
Tybi,Hew,Genderqueer,Politics
Hermina,Sapir,Female,Science
Kizzee,Alen,Female,Music
Sula,Grieswood,Female,Science
Benito,Morrill,Male,Movie
Sheff,Dudson,Male,Music
Trumann,Frisby,Agender,Other
Suzanne,Crosse,Polygender,Sports
Laurie,Korpolak,Female,Politics
Torrance,Hutcheon,Male,Music
Melloney,Alekseicik,Female,Music
Skippy,Muat,Male,Movie
Pegeen,Sexcey,Female,Music
Allx,Moniker,Female,Music
Mallissa,McDougle,Female,Movie
Courtney,Shimwall,Male,Sports
Harcourt,Schruyer,Male,Sports
Fernandina,Spary,Female,Movie
Nicolina,Kellart,Female,Politics
Rosalyn,Burniston,Polygender,Other
Nonnah,Lambersen,Female,Science
Sidnee,Mapledoram,Male,Music
Elisabetta,Cicerone,Female,Science
Emery,Sawrey,Bigender,Politics
Trula,Berrisford,Female,Sports
Clarance,Ortler,Male,Sports
Adolph,Haycox,Male,Movie
Shauna,Keilloh,Female,Science
Kyle,Eva,Male,Politics
Atlante,Kilfeder,Female,Sports
Ailey,Boldison,Female,Other
Sascha,Calvard,Male,Sports
Blondell,Leadbetter,Female,Other
Herculie,Nimmo,Male,Music
Moshe,Dory,Male,Movie
Haywood,Tiddy,Male,Other
Christine,Persehouse,Female,Science
Gothart,Tarpey,Male,Movie
Maia,Jennison,Female,Other
Nappy,Bridge,Male,Sports
Thomasin,Ricardin,Female,Other
Nicolis,Mark,Male,Sports
Liesa,Siebert,Non-binary,Science
Kristin,Swynley,Female,Science
Antonius,Cogle,Male,Music
Tiffany,Richfield,Female,Other
Jermain,Jahnig,Male,Politics
Rriocard,Anthill,Male,Politics
Sandi,Tees,Female,Science
Fey,MacNeish,Female,Sports
Peder,McInteer,Male,Movie
Karlotta,Stoeck,Female,Politics
Sergent,Anstey,Male,Sports
Wallace,Sergison,Male,Sports
Yoshiko,Michelet,Genderqueer,Movie
Kaine,Beasley,Non-binary,Science
Pierette,Rolance,Female,Politics
Crystie,Van den Velde,Female,Science
Fancie,Blune,Female,Music
Leanora,Dewey,Female,Movie
Cinderella,Rhys,Female,Movie
Grissel,Hagan,Female,Other
Laughton,Robbeke,Male,Sports
Tanner,Luttgert,Male,Politics
Felipe,Withey,Male,Science
Emmerich,Feuell,Male,Movie
Kennie,Bertrand,Male,Science
Cordy,Roby,Male,Sports
Caty,Geffcock,Female,Music
Jacques,Grogona,Male,Science
Trumaine,Tolman,Male,Science
Carter,McCreery,Male,Music
Gilberte,Oakman,Genderqueer,Music
Jaine,Quadrio,Female,Movie
Orson,Falkous,Male,Politics
Sandro,Sellers,Male,Sports
Birdie,Marron,Female,Movie
Chastity,Riply,Female,Sports
Sianna,Follin,Female,Music
Killie,Tattershall,Male,Other
Seana,Basey,Female,Science
Meredeth,Alenshev,Male,Sports
Fredi,Karran,Female,Politics
Ailis,Windebank,Female,Other
Hugues,Scroxton,Male,Music
Rasla,Bleackly,Female,Sports
Elberta,Krier,Female,Movie
Ham,Floyd,Male,Science
Gisele,Shakesbye,Female,Science
Alfy,Scane,Male,Music
Ash,Shepcutt,Male,Music
Ciel,Wooderson,Genderqueer,Sports
Barbi,Constable,Female,Other
Ravi,Marcus,Male,Music
Karia,Lannin,Female,Movie
Normy,Jonczyk,Male,Politics
Clemente,Davie,Male,Other
Marley,Aupol,Female,Politics
Neal,Pucker,Male,Music
Amber,Mordy,Female,Music
Brigham,Bulfoot,Male,Science
Gwennie,Ginn,Female,Science
Hymie,Sutton,Male,Sports
Astrid,Kopec,Female,Music
Malvin,Devin,Male,Movie
Tuck,Meake,Male,Music
Chris,Cowlard,Male,Music
Nealon,MacAfee,Male,Sports
Mildred,Maffucci,Female,Movie
Sumner,Cattenach,Male,Music
Verile,Choak,Female,Movie
Dari,Rauprich,Female,Music
Kimberlyn,Mettericke,Female,Science
Buffy,Bonicelli,Female,Politics
Korie,Bent,Female,Other
Christiana,Woodhams,Female,Science
Adrianne,Galley,Female,Music
Joellen,Creek,Female,Movie
Maudie,Butterfill,Female,Sports
Clary,Raine,Female,Politics
Maurits,Hatchard,Male,Politics
Tadeas,Hosten,Male,Sports
Shantee,Garvin,Female,Politics
Mayne,Rainton,Male,Politics
Samson,Forcade,Male,Sports
Marijn,Shildrick,Male,Movie
Wernher,Egdal,Male,Sports
Godwin,Seater,Male,Sports
Thain,Board,Male,Sports
Ramon,Garriock,Male,Politics
Timmie,Craufurd,Male,Sports
Sarah,Ambler,Genderfluid,Science
Reinald,Hallatt,Male,Sports
Jackqueline,McClancy,Female,Politics
Anson,Latter,Male,Music
Tootsie,De Brett,Female,Politics
Jamesy,Hendrick,Male,Movie
Richy,Scimone,Male,Movie
Verena,Verdun,Female,Music
Jefferey,Skydall,Male,Other
Charissa,Gallen,Female,Politics
Penrod,Wilstead,Bigender,Movie
Shaine,Epdell,Male,Other
Wally,Belison,Male,Politics
Goober,Dufty,Polygender,Music
Glennie,Nottle,Female,Science
Nanni,Tidder,Female,Sports
Janaya,Kopecka,Female,Movie
Krystyna,Reaveley,Female,Science
Heda,Dupree,Female,Music
Adlai,Ingleton,Male,Science
Elnora,Clackson,Female,Politics
Wandis,Advani,Female,Sports
Giles,Axe,Male,Other
Horace,Origan,Male,Other
Gasparo,Jakes,Bigender,Music
Alister,Genner,Male,Science
Ferrel,Friedenbach,Male,Politics
Josh,O'Hartigan,Male,Politics
Emalia,Dubarry,Female,Politics
Omar,Ick,Male,Sports
Elianora,Pullinger,Female,Science
Ailey,Longina,Female,Other
Basia,McCree,Female,Music
Neel,Pea,Male,Politics
Starlin,Naire,Female,Politics
Dunn,Rickcord,Bigender,Other
Felice,Duggary,Male,Other
Court,Hartnup,Male,Movie
Ella,Kybbye,Genderfluid,Other
Bibbie,Manton,Female,Movie
Gage,Ailsbury,Male,Sports
Margaret,Milesap,Female,Science
Olympie,Lamey,Female,Music
Thomasina,Barttrum,Female,Sports
Glenn,Rushford,Female,Music
Fredrika,Whittick,Female,Sports
Eunice,Anthonsen,Bigender,Science
Jamie,Matten,Male,Music
Dolf,Studdert,Male,Movie
Renaud,Olech,Male,Sports
Bevvy,Beauchop,Female,Science
Enrico,Raoul,Male,Sports
Berky,Kornalik,Male,Other
Cletis,Padula,Male,Movie
Giorgi,Leftly,Male,Politics
William,Von Salzberg,Male,Other
Hermon,Heeran,Male,Movie
Sammy,Klugel,Male,Other
Rodge,Miliffe,Genderqueer,Other
Edyth,Slipper,Female,Other
Verina,Chadd,Female,Other
Garold,Eccleshall,Male,Science
Alfy,Rontree,Genderfluid,Movie
Waneta,Riddick,Female,Movie
Sibeal,Sidworth,Female,Sports
Chester,Goodbanne,Male,Science
Linet,Beresfore,Female,Politics
Tate,Pratten,Female,Other
Sherman,Bocken,Male,Movie
Rick,Witham,Male,Other
Demott,Girardoni,Male,Other
Saw,Howood,Male,Politics
Lawton,Risborough,Male,Sports
Rheta,Matanin,Female,Other
Hieronymus,Gittoes,Male,Science
Kennith,Becconsall,Male,Movie
Hakeem,Skain,Male,Politics
Christal,Corneljes,Female,Music
Cathe,Carus,Female,Movie
Raquel,Sheraton,Female,Politics
Paulo,Van Cassel,Male,Politics
Sayre,Barley,Female,Other
Robby,Pabst,Male,Sports
Nickolai,Enevoldsen,Agender,Science
Godart,Spenceley,Male,Music
Milt,Manclark,Male,Movie
Ailina,Burren,Female,Science
Jemima,Leere,Female,Music
Weylin,Rootes,Male,Music
Pippa,Palfreman,Female,Science
Evaleen,Rodinger,Female,Other
Basilius,Morit,Male,Politics
Guglielma,Peabody,Female,Music
Napoleon,Sanham,Male,Other
Burtie,Tulip,Male,Sports
Gussie,Gosswell,Female,Other
Kelwin,Faragher,Male,Science
Cedric,McCambridge,Male,Movie
Gipsy,Vescovini,Female,Sports
Dode,Patrick,Female,Movie
Kissiah,Huriche,Female,Music
Adey,Hearnshaw,Polygender,Politics
Junie,Medgwick,Genderqueer,Politics
Leroy,Cuxon,Male,Science
Corella,Crossley,Female,Movie
Boyce,Player,Male,Movie
Brennen,Dorton,Male,Movie
Dela,Snuggs,Polygender,Science
Melony,Medcalf,Female,Other
Griswold,Havick,Male,Other
Carney,Chazelle,Male,Sports
Trenna,Tommasetti,Female,Music
Barbabas,Boken,Male,Politics
Inesita,Sumbler,Female,Other
Caryn,Shekle,Female,Science
Tonie,Fellowes,Female,Sports
Aubrey,Fenby,Male,Music
Adolph,Garton,Male,Music
Priscella,Jinkin,Female,Politics
Kiah,Durtnel,Female,Science
Hattie,Pomfrey,Female,Other
Kial,Farlane,Female,Science
Rodrigo,Fenge,Genderqueer,Politics
Hortense,Gooday,Female,Sports
Corliss,Atling,Female,Music
Fransisco,Canty,Male,Sports
Darcy,Bolle,Female,Music
Valma,Dauber,Female,Music
Seana,Tilby,Female,Music
Meryl,Skokoe,Female,Science
Jackie,Skeermor,Female,Other
Adolf,Horley,Male,Music
Dwayne,Abrehart,Male,Music
Caddric,Defraine,Male,Movie
Bryon,Whitticks,Male,Music
Jamison,Grigoletti,Male,Movie
Elisabet,Jaggs,Female,Science
Anjela,Donavan,Female,Science
Flem,Marzele,Male,Movie
Clementine,Presshaugh,Female,Other
Lockwood,Jancar,Male,Other
Carin,Cowdrey,Female,Other
Dunn,Bickardike,Male,Music
Stephenie,Nafzger,Female,Movie
Rozanna,Blacksell,Female,Music
Mersey,Thairs,Female,Politics
Olivier,Hendren,Male,Science
Don,Vanichkin,Male,Politics
Renell,Waple,Female,Science
Marmaduke,Fley,Male,Other
Delphinia,Broadnicke,Bigender,Other
Emmalee,Bradnocke,Female,Politics
Ashley,Waby,Female,Music
Dougy,Faircliff,Male,Science
Sibley,Blaszczyk,Female,Politics
Vincenty,Shaefer,Male,Science
Larina,Lippitt,Female,Politics
Cam,Ahmad,Female,Sports
Tove,Meron,Female,Sports
Bryna,Tully,Genderqueer,Other
Jonas,Gillison,Male,Sports
Farlay,Osbaldeston,Male,Sports
Arleen,Behagg,Female,Science
Krystyna,Cordobes,Female,Other
Arleen,Primo,Female,Science
William,Silberschatz,Male,Science
Dix,Pisco,Female,Other
Hanan,Fronks,Male,Science
Kath,Ellin,Female,Politics
Dolf,Borlease,Male,Movie
Lotty,D'Cruze,Female,Sports
Haily,Mapowder,Male,Science
Lynde,Eles,Female,Music
Carlota,Stichall,Female,Politics
Faulkner,Nabbs,Male,Science
Ellerey,Gheeorghie,Agender,Other
Iago,Kilcullen,Bigender,Other
Laughton,Nichols,Polygender,Music
Sallyanne,Buggy,Female,Science
Flss,Myhill,Female,Sports
Hadley,Conville,Male,Other
Pasquale,Fernan,Male,Science
Merle,Tregale,Male,Other
Adel,Janaszewski,Female,Science
Marve,Tremblet,Male,Sports
Miles,Constantinou,Genderfluid,Other
Julian,Ealles,Male,Science
Kelsey,Seymark,Male,Music
Diannne,Wheldon,Female,Sports
Brenda,Demschke,Female,Politics
Shurlocke,Lawfull,Male,Movie
Brietta,De Antoni,Female,Sports
Catie,Meese,Agender,Sports
Glenine,Quayle,Female,Movie
Andrew,Rosencrantz,Male,Other
Rudolf,Valdes,Male,Movie
Cordy,Joncic,Male,Music
Lynette,Chastagnier,Female,Politics
Jenelle,Cruise,Female,Science
Ramona,Dannell,Female,Movie
Jen,Luff,Female,Music
Ayn,Edeson,Female,Other
Xymenes,Hulles,Male,Movie
Ara,Babidge,Male,Other
Wiatt,Styche,Male,Music
Shayna,Jeffs,Female,Movie
Artemas,Eggleton,Male,Science
Gerek,Larvin,Male,Sports
Jilli,Patching,Female,Movie
Mada,MacClinton,Female,Movie
Casi,Byneth,Female,Politics
Town,Duplan,Male,Music
Pammi,Jirak,Female,Science
Prentice,Charity,Male,Movie
Ki,Denholm,Polygender,Sports
Darrick,Symon,Male,Science
Maxy,Embra,Male,Music
Erick,Halbert,Male,Politics
Micki,Michal,Female,Sports
Joannes,Hillaby,Female,Other
Brian,Babonau,Genderqueer,Movie
Roland,Starford,Male,Movie
Justus,Troucher,Male,Other
Louis,Suthworth,Male,Movie
Idaline,Degenhardt,Female,Sports
Lindy,Witherop,Female,Sports
Rubin,Fluger,Male,Politics
Arel,Gambell,Male,Other
Mark,Gerretsen,Male,Other
Sebastien,Havercroft,Male,Movie
Brita,Tobin,Female,Sports
Randolph,Allcroft,Male,Sports
Pinchas,Gorgen,Male,Sports
Sky,Andrea,Male,Other
Elaine,Faulconbridge,Female,Sports
Tybie,Backson,Female,Sports
Meryl,Docker,Male,Science
Orbadiah,Fussen,Male,Science
Jory,Skyram,Bigender,Movie
Orelle,Duddan,Female,Movie
Calida,Bartles,Female,Sports
Merv,Chevolleau,Male,Movie
Vladamir,Marusic,Male,Music
Roman,Pyrah,Genderfluid,Politics
Adela,Alesio,Female,Movie
Tiena,O'Crevy,Female,Sports
Cosimo,Haith,Male,Science
Lammond,Tilburn,Male,Other
Mel,Edrich,Female,Sports
Shaw,Kubat,Male,Politics
Waverly,Currall,Male,Politics
Darrell,Orbine,Bigender,Other
Sandi,Klemps,Female,Movie
Reinwald,Oattes,Male,Science
Clementia,Casine,Genderfluid,Sports
Fitzgerald,Beswick,Male,Music
Mae,Bowmer,Female,Science
Jennifer,O'Carrol,Female,Music
Aggi,Vandenhoff,Female,Music
Eldon,Sneden,Male,Sports
Marcellus,Loins,Male,Movie
Dorry,Pedler,Female,Politics
Frederick,Keddie,Male,Politics
Nefen,Corstorphine,Male,Other
Maryellen,Mordie,Genderqueer,Other
Laney,Batt,Male,Politics
Reyna,Hearfield,Female,Music
Herrick,Aggiss,Male,Movie
Oswell,Halbard,Male,Movie
Barthel,Blose,Male,Movie
Fayre,Flaunders,Female,Sports
Philis,Pengilly,Female,Music
Israel,Garm,Male,Movie
Deb,Domange,Female,Science
Oralie,Barrick,Female,Politics
Murielle,Stotherfield,Female,Other
Thurston,McAllister,Male,Movie
Harlene,Beers,Female,Music
Ignatius,McIlwraith,Male,Science
Greta,Yakobovicz,Female,Movie
Derron,Chitham,Male,Politics
Ariel,Antonopoulos,Bigender,Science
Teodor,Smeeton,Male,Sports
Janela,Bruntje,Female,Other
Tedie,Dunklee,Male,Other
Daveta,Lemanu,Female,Science
Fredi,Emanuel,Non-binary,Science
Eli,Ganders,Male,Music
Constantin,Greatbanks,Male,Other
Linda,Inkpin,Female,Sports
Renata,Petre,Female,Politics
Elmer,Girone,Bigender,Music
Onofredo,Kneaphsey,Male,Other
Annemarie,Claeskens,Female,Music
Marty,Brownsall,Female,Music
Drusie,Minall,Female,Music
Mal,Moye,Male,Movie
Alexandro,Deekes,Genderqueer,Sports
Josefina,Clemence,Female,Other
Rochette,Renne,Female,Sports
Gualterio,Foli,Male,Music
Kinny,Jahnig,Male,Science
Sharia,Sapson,Genderfluid,Science
Trudi,Deener,Female,Other
Davy,Cammis,Male,Science
Tedie,Maryet,Male,Science
Thain,Bille,Male,Other
Jeffie,Josselsohn,Male,Movie
Gnni,Abrahamowitcz,Female,Sports
Wendall,McSaul,Male,Music
Vidovik,Motherwell,Male,Science
Waring,Chaloner,Male,Other
Dulsea,Dobrovolski,Genderfluid,Sports
Valaria,Baguley,Female,Other
Hardy,Points,Agender,Science
Cherie,Lilley,Female,Sports
Husain,Jorcke,Male,Politics
Land,Kertess,Male,Music
Kalinda,Fyndon,Non-binary,Politics
Joellyn,Borsnall,Female,Science
Marielle,Cellone,Female,Other
Ric,Cattlemull,Genderqueer,Science
Morten,Sedgemore,Male,Science
Rik,Dacey,Male,Science
Spenser,Milverton,Male,Movie
Nichols,MacPhee,Male,Other
Margie,Thome,Female,Music
Amelia,Genge,Female,Other
Gerri,McKinnon,Male,Other
Hobart,Buckeridge,Male,Music
Rog,Sapwell,Male,Movie
Doug,Bolam,Male,Music
Frederigo,Isaksson,Male,Movie
Tedra,Jakuszewski,Female,Sports
Niel,Winnett,Male,Music
Matteo,McGillacoell,Male,Politics
Zebulon,Fitzsymons,Male,Movie
Zitella,Playhill,Female,Politics
Logan,Klimpke,Male,Music
Ladonna,Wilde,Female,Sports
Reinhold,Levins,Male,Other
Fanny,Meadley,Female,Science
Avram,Cockerton,Male,Science
Windham,Mathivat,Male,Movie
Ajay,Balsellie,Female,Music
Dulsea,Dyne,Female,Sports
Niel,Yeowell,Male,Music
Gerek,Golborn,Male,Politics
Marjy,Keenan,Bigender,Science
Cam,Ciobutaro,Male,Other
Joan,Codlin,Female,Other
Eberhard,Robardey,Male,Science
Emmalyn,Crisell,Female,Movie
Chilton,Loffel,Male,Sports
Clementina,Twelve,Genderqueer,Sports
Fabien,Eynald,Male,Movie
Shayne,Mincher,Male,Movie
Quincey,Sievewright,Male,Movie
Shayne,Marcham,Male,Movie
Marcia,Imlin,Female,Politics
Lani,Gulk,Female,Politics
Auguste,Inkpin,Polygender,Politics
Pasquale,Rickert,Male,Sports
Padget,Jakoubek,Male,Other
Carlie,Pollack,Male,Movie
Carlotta,Duckers,Female,Movie
Natalee,Iskov,Female,Movie
Bernelle,Cartmael,Female,Politics
Lonny,Girauld,Male,Movie
Gillian,Conn,Female,Science
Drucill,Tuminini,Female,Science
Alexia,Mattaus,Female,Music
Cordelie,Hatcher,Female,Music
Antin,Peregrine,Male,Music
Danella,Emnoney,Female,Movie
Eveline,Gater,Female,Politics
Curry,Maple,Male,Sports
Luigi,Pauly,Male,Politics
Tyrus,Willatt,Male,Other
Ogdan,Trappe,Male,Music
Grace,Stonuary,Genderfluid,Other
Sheilah,Smardon,Female,Sports
Cass,Giraldon,Male,Politics
Pattie,Guiet,Female,Politics
Hildegaard,Greenaway,Female,Music
Kaja,Crosetto,Female,Other
Pippa,Blowers,Female,Other
Steward,Gippes,Male,Politics
Cordi,Beynkn,Female,Politics
Raynor,Jessep,Male,Science
Chaddy,Bowhey,Male,Sports
Emelen,Sheed,Genderfluid,Science
Donalt,Rubinsaft,Male,Sports
Goldarina,Bullivent,Agender,Other
Budd,Malthus,Male,Music
Gae,Bernt,Female,Movie
Griffin,Spragg,Male,Other
Kamila,Selwyn,Female,Politics
Ardeen,Jonsson,Female,Sports
